item,category
BLOCO DE NOTAS AMARELO SOL 76X76MM POST-IT 3M 90 FOLHAS,papelaria
CANETA ESFEROGRAFICA LINER AZUL 0.7MM STABILO UNIDADE,papelaria
ENVELOPE BRANCO 90G 229X324MM FORONI 10UN,papelaria
CARTUCHO DE TINTA PARA IMPRESSORA 122 PRETO HP,papelaria
PINCEL ESCOLAR REDONDO PIRCTORE TIGRE N4,papelaria
CADERNO ALL GREEN A5 CADERNO INTELIGENTE 80 FOLHAS,papelaria
CADERNO DARK BLUE GRANDE CADERNO INTELIGENTE 80 FOLHAS,papelaria
PAPEL SULFITE CHAMEX A4 75G COR BRANCA PACOTE 300 FOLHAS,papelaria
KIT SACO PARA PRESENTE CROMUS ROMANTICA 35X54CM,papelaria
CARTUCHO DE TINTA ADVANTAGE ORIGINAL NO667 TRICOLOR HP,NaN
CADERNO UNIVERSITARIO CAPA DURA 1M NEON PRETO TILIBRA 80 FOLHAS,papelaria
COLA BRANCA ESCOLAR BIC 40G,papelaria
SACOLA PARA PRESENTE HORIZONTAL PARDO 28X38X12CM CROMUS 1UN,papelaria
PAPEL SULFITE CHAMEX A4 75G COR BRANCA PACOTE 300 FOLHAS,papelaria
LIVRO CARTAO E CANETA RECEITA DE AMOR IMAGINARIUM,papelaria
LIVRO CARTAO E CANETA RECEITA DE AMOR IMAGINARIUM,NaN
SACO DE PRESENTE COM LACO 35X60 1UN,papelaria
SACO DE PRESENTE COM LACO 50X70 1UN,papelaria
BOLSO TRASEIRO PARA ARMAZENAMENTO DE CARTAO DAISO,NaN
PAPEL DE PRESENTE 60X90 USE UTIL 100UN,papelaria
ENVELOPE BOLHA PAPEL KRAFT COM BOLSO INTERNO PARA DOCUMENTOS 250X350MM RADEX UN,papelaria
ESTOJO ESCOLAR REF.02,papelaria
CADERNO UNIVERSITARIO IRMA DELIVERY FORONI 96 FOLHAS,papelaria
PAPEL SULFITE CHAMEX A4 75G COR BRANCA PACOTE 300 FOLHAS,papelaria
SACO PARA PRESENTE CASUAL CORES SORTIDAS CROMUS 45X59CM,papelaria
PALETA AQUARELA ACQUERELLI COM 24 CORES GIOTTO UN,papelaria
KIT SACO PARA PRESENTE FEMININO SORTIDAS 20X29CM CROMUS 1UN,papelaria
"SACOLA DE PAPEL DEGRADE LILAS TAMANHO M 26X19,5X9,5 CROMUS",papelaria
MASSINHA DE MODELAR MAGIX 6 CORES 90G,papelaria
FOLHA DE PAPEL PARA PRESENTE DAISO UN,papelaria
"FITA METRICA COM PUNHO DE BORRACHA 3,5M X 16MM COLORS M DAISO",NaN
CADERNO CAPA DURA 10 MATERIA CAPRICHO TILIBRA 160 FOLHAS,papelaria
CARTUCHO DE TINTA HP 662 PRETO - CZ103AB,papelaria
SUPER COLA TEK BOND 5GR,papelaria
"LAPISEIRA SHARP VERMELHA 0,5MM PENTEL 1 UNIDADE",papelaria
CANETA HIDROGRAFICA INTENSITY PONTA PINCEL BIC 10 CORES,papelaria
CARTUCHO DE TINTA HP PRETO 667 120 PAGINAS,papelaria
CADERNO UNIVERSITARIO CAPA DURA 1M NEON PRETO TILIBRA 80 FOLHAS,papelaria
KIT PARA PRESENTE FROZEN 25X37CM CROMUS UN,papelaria
CADERNO SEM PAUTA COSTURADO CAPA DURA FITTO G SOHO TILIBRA 80 FOLHAS,papelaria
FOLHAS SEM PAUTA A5 CADERNO INTELIGENTE REFIL COM 50 FOLHAS,papelaria
PAPEL PRESENTE PERSONAGENS TILIBRA 70X100 CM 1UN,papelaria
SUPER COLA TEK BOND 5GR,papelaria
CADERNO ESPIRAL CAPA DURA UNIVERSITARIO 1 MATERIA ZIP PRETO 80 FOLHAS,papelaria
SUPER COLA TEK BOND 5GR,papelaria
BLOCO NOTAS 3M POST-IT AMARELO 45 FOLHAS,NaN
GARRAFA DE TINTA ORIGINAL GT53 COR PRETA 1VV22AL HP 90ML,papelaria
CADERNO UNIVERSITARIO ESPIRAL JANDAIA DISNEY SWEETIE 1 MATERIA 96 FOLHAS,papelaria
CARTUCHO DE TINTA HP PRETO 667 120 PAGINAS,papelaria
SACOLA PARA PRESENTE HORIZONTAL PARDO 28X38X12CM CROMUS 1UN,papelaria
CARTUCHO DE TINTA HP 662 PRETO - CZ103AB,papelaria
PASTA ABA ELASTICO OFICIO CRISTAL 335X245MM DORSO 55MM PLASCONY 1 UN,papelaria
CADERNO ESPIRAL CAPA DURA 1/4 BE NICE 80 FOLHAS,papelaria
ETIQUETA ESCOLAR PIMACO BIC 15UN,papelaria
KIT PARA PRESENTE FROZEN 25X37CM CROMUS UN,papelaria
ORGANIZADOR DE PAPEL PARA MESA COM 2 DIVISORIA DAISO,papelaria
CANETA MARCA TEXTO ROSA DAISO UN,papelaria
CARTUCHO DE TINTA HP 662 PRETO - CZ103AB,papelaria
PAPEL SULFITE OFICIO 2 A4 CHAMEX 500 FOLHAS,papelaria
"CARTUCHO DE TINTA ORIGINAL 664XL COR PRETA F6V31AB HP 8,5ML",papelaria
CADERNO PRINCIPE DE GALES 2.0 CADERNO INTELIGENTE 80 FOLHAS,NaN
PAPEL PRESENTE PERSONAGENS TILIBRA 70X100 CM 1UN,papelaria
CADERNO ESPIRAL COLEGIAL 1 MATERIA DOODLES CAPAS SORTIDAS TILIBRA 80 FOLHAS,papelaria
CANETA HIDROGRAFICA INTENSITY PONTA PINCEL BIC 10 CORES,papelaria
SUPER COLA TEK BOND 5GR,papelaria
SUPER COLA TEK BOND 5GR,papelaria
CARTUCHO DE TINTA HP 664 TRICOLOR F6V28AB,papelaria
PAPEL SULFITE CHAMEX A4 75G COR BRANCA PACOTE 300 FOLHAS,papelaria
PAPEL PARA PRESENTE CRIATIVA 70X100CM UNIDADE,papelaria
PINCEL ESCOLAR REDONDO PIRCTORE TIGRE N0 8266-00,papelaria
CADERNO ESPIRAL CAPA DURA ESTAMPA SORTIDA 96FOLHAS UN,papelaria
GRAFITE PARA LAPISEIRA HB 0.7MM NO2 BIC 2UN,papelaria
CADERNO EXECUTIVO CAMBRIGDE CAPA DURA TILIBRA 80 FOLHAS,papelaria
CANETA ESFEROGRAFICA SUPER GRIP PRETA 0.7MM,NaN
KIT LAPIS DE COR AQUARELAVEL 12 CORES + 1 PINCEL GRATIS BIC,papelaria
CARTUCHO DE TINTA HP 662 PRETO - CZ103AB,NaN
ENVELOPE KRAFT OURO 240X340MM FORONI 10UN,papelaria
REFIL PARA COLA QUENTE DAISO 24UN,papelaria
CARTUCHO DE TINTA HP PRETO 667 120 PAGINAS,papelaria
"CANETA ESFEROGRAFICA PRETA 0,4MM PONTA ULTRAFINA FINE PEN FABER-CASTELL",papelaria
BLOCO PARA FICHARIO TILIBRA TARJADO A4 UNIDADE 96 FOLHAS,papelaria
SACO PRESENTE PRATICOS LACO FACIL 60X90CM,papelaria
PASTA ABA ELASTICO PLASCONY OFICIO AZUL,papelaria
PISTOLA PARA COLA QUENTE FINA PRETO 10W GRAMP LINE UN,papelaria
FIXA QUADRO MEDIO COMMAND BRANCO 3M 3 PARES,NaN
KIT SACO DE PRESENTE SORTIDO 25X37 CROMUS UN,papelaria
ENVELOPE FORONI 200MMX280MM CAIXA COM 10,papelaria
KIT ESCOLAR FABER CASTELL ECOLAPIS 12 CORES,papelaria
CARTEIRA PRA CARTAO STRANGER THINGS FITA IMAGINARIUM,papelaria
"SACOLA CROMUS PAPEL PARDO KRAFT M 26X19,5X9,5 UNIDADE",papelaria
LJ GRAMPO BACCHI 26/6 P/ GRAMP C/1000,papelaria
CARTUCHO DE TINTA HP 664 TRICOLOR F6V28AB,papelaria
CADERNO GRANDE CANDY SPLASH CADERNO INTELIGENTE 80 FOLHAS,papelaria
BORRACHA HI POLYMER SOFT PEQUENA BRANCA PENTEL UNIDADE,NaN
"SACOLA PARA PRESENTE VERMELHO 32X26,5X13CM CROMUS UNIDADE",papelaria
SACO PRESENTE PRATICOS LACO FACIL 60X90CM,papelaria
SACO DE PRESENTE COM LACO 35X60 1UN,papelaria
CAIXA DE PRESENTE AMARELA MEDIA IMAGINARIUM,papelaria
LAPISEIRA TECNICA 0.5MM SHARP PRETA PENTEL UN,papelaria
CADERNO PAPEL DAISO TAMANHO A5 MODE 80 FOLHAS UNIDADE,papelaria
SUPER COLA TEK BOND 5GR,papelaria
MINI ORGANIZADOR COM TRAVA COR CRISTAL REF OR80100 ORDENE 650ML,papelaria
LAPIS GRAFITE FROZEN DISNEY TRIS 4UN,papelaria
CADERNO CARTOGRAFIA ESPIRAL JANDAIA UNIDADE 48 FOLHAS,papelaria
PAPELARIA EM GERAL OFFICE CANETA HIDROGRAFICA OFFICE PEN VERMELHA 2.0MM 1 UNIDADE,papelaria
CADERNO DE PAPEL TAMANHO A6 RETANGULAR DAISO UN,papelaria
CARTUCHO DE TINTA HP 662 PRETO - CZ103AB,papelaria
KIT SACO PARA PRESENTE CROMUS ROMANTICA 25X37CM,papelaria
CADERNOS DE ALFABETIZACAO TILIBRA 32 FOLHAS 274MM X 207MM,papelaria
CADERNO UNIVERSITARIO CAPA DURA TILIBRA HAPPY 1 MATERIA 80 FOLHAS,papelaria
CANETA ESFEROGRAFICA COMPACTOR TOP 2000,papelaria
CANETA ESFEROGRAFICA AZUL 0.7MM PENTEL 1UN,papelaria
CADERNO ESPIRAL JANDAIA UNIDADE 96 FOLHAS,papelaria
ENVELOPE BOLHA PAPEL KRAFT COM BOLSO INTERNO PARA DOCUMENTOS 250X350MM RADEX UN,papelaria
CAIXA DE PRESENTE OURO LUXURIA P 24X18X8CM 1UN,papelaria
"SACOLA PARA PRESENTE VERMELHO 32X26,5X13CM CROMUS UNIDADE",papelaria
SACOLA PAPEL KRAFT PARDO GG 39X32X16CM CROMUS UNIDADE,papelaria
CANETA ESFEROGRAFICA RETRATIL PENTEL WOW AZUL 1.0MM UN,papelaria
PAPEL PRESENTE PERSONAGENS TILIBRA 70X100 CM 1UN,papelaria
CADERNO ESPIRAL COLEGIAL 1M HAPPY ROSA TILIBRA 80 FOLHAS,papelaria
MARCADOR PARA QUADRO BRANCO VBM PRETO,papelaria
SUPER COLA TEK BOND 5GR,papelaria
KIT DE ORGANIZADOR DE FIOS E CABOS GAMER PLAYER IMAGINARIUM COM 5UN,papelaria
"GRAFITE 0,5MM HB 2 TUBOS 12 GRAFITES CADA PENTEL 2UN",papelaria
BLOCO NOTAS 3M POST-IT AMARELO 45 FOLHAS,papelaria
CADERNO CAPA DURA ESPIRAL SPEED MACHINE PEQUENO 96FOLHAS,papelaria
CANETA ESFEROGRAFICA SUPER GRIP PRETA 0.7MM,NaN
CANETA ESFEROGRAFICA RETRATIL SUPER GRIP PRETA 1.0MM 1 UN PILOT,papelaria
"SACOLA PRESENTE KRAFT PARDO P 21,5X15 CROMUS",papelaria
REFIL QUADRICULADO LINHA BRANCA PARA CADERNO INTELIGENTE 50 FOLHAS,papelaria
PASTA ABA COM ELASTICO OF 4CM LINHO SERENA - CORES SORTIDAS,papelaria
BLOCO NOTAS 3M POST-IT AMARELO 45 FOLHAS,papelaria
KIT LAPIS DE COR AQUARELAVEL 12 CORES + 1 PINCEL GRATIS BIC,papelaria
PINCEL MARCADOR COR PRETA PONTA CONICA MEDIA BIC,papelaria
SACOLA PAPEL KRAFT PARDO GG 39X32X16CM CROMUS UNIDADE,papelaria
CANETA HIDROGRAFICA FABER CASTELL 12UN,papelaria
KIT SACO DE PRESENTE SORTIDO 25X37 CROMUS UN,NaN
CARTUCHO DE TINTA HP PRETO 667 120 PAGINAS,papelaria
CADERNO BROCHURA CAPA DURA FORONI AZUL 96 FOLHAS,papelaria
KIT PRESENTE SACO + LACO PRONTO + CARTAO DE/PARA 20CMX29CM MINNIE CROMUS,papelaria
DUREX ESCOLAR SOLLO 12X12MM,papelaria
CANETA HIDROGRAFICA FABER CASTELL 12UN,papelaria
ENVELOPE SACO KRAFT NATURAL 260X360MM FORONI 10UN,papelaria
CADERNO UNIVERSITARIO CAPA DURA TILIBRA LUCCAS NETO 1 MATERIA 80 FOLHAS,papelaria
PINCEL MARCADOR PILOT PERMANENTE EXTRA PONTA REDONDA 4MM VERMELHO 1UN,papelaria
PASTA PARA ARQUIVO MORTO AMARELO 360X135X248MM DELLO,papelaria
CARTUCHO DE TINTA ORIGINAL NO667 3YM79AL ADVANTAGE PRETO HP,papelaria
PAPEL SULFITE CHAMEX A4 75G COR BRANCA PACOTE 300 FOLHAS,papelaria
CANETA SUPER GRIP ESFEROGRAFICA PILOT AZUL 0.7,papelaria
BLOCO PARA FICHARIO TILIBRA TARJADO A4 UNIDADE 96 FOLHAS,papelaria
MOCHILA ESCOLAR DMW DISNEY PRINCESAS BLUE FLOWERS G 37839,papelaria
PAPEL PRESENTE PERSONAGENS TILIBRA 70X100 CM 1UN,papelaria
PAPEL SULFITE CHAMEX A4 75G COR BRANCA PACOTE 300 FOLHAS,papelaria
CANETA ESFEROGRAFICA CRISTAL AZUL 1.0MM BIC CAIXA 50UN,papelaria
CADERNO INTELIGENTE DARK BLUE CADERNO INTELIGENTE 80FLS,papelaria
CANETA HIDROGRAFICA COLOR JUNIOR VERMELHA 4.0MM PILOT 1UN,NaN
CADERNO SEM PAUTA COSTURADO CAPA DURA FITTO G SOHO TILIBRA 80 FOLHAS,papelaria
LAPIS GRAFITE FABER CASTELL MAX COM BORRACHA,papelaria
CANETA MARCA TEXTO ROSA LUMI COLOR TONS PASTEL 024RO PILOT BLISTER,papelaria
LAPIS GRAFITE EVOLUTION BIC 10UN,papelaria
CADERNO UNIVERSITARIO CAPA DURA TILIBRA ZIP 96 FOLHAS,papelaria
CANETA ESFEROGRAFICA AZUL BPS-GRIP 10MM,papelaria
KIT CANETAS MARCA TEXTO LUMICOLOR 200-SL PILOT COM 06 CORES,papelaria
REFIL PAUTADO PARA CADERNO INTELIGENTE 30FL GRANDES,papelaria
CADERNO COLEGIAL MAGIC TILIBRA 80 FOLHAS UN,papelaria
FITA DUREX TRANSPARENTE 3M 18MMX50M,NaN
REFIL PARA MARCADOR DE QUADRO BRANCO VBOARD MASTER AZUL,papelaria
KIT 2 MASSINHA PARA MODELAR ACRILEX,papelaria
CADERNO BROCHURA 1/4 TILIBRA VERDE PAPPER 80 FOLHAS,NaN
CANETA ESFEROGRAFICA RETRATIL LAKNOCK PRETA 0.7MM,papelaria
PAPEL PARA PRESENTE CRIATIVA 70X100CM UNIDADE,papelaria
CARTUCHO DE TINTA PARA IMPRESSORA 122 PRETO HP,papelaria
PINCEL MARCADOR PERMANENTE ATOMICO PONTA CHANFRADA VERDE 1100-P PILOT 1 UNIDADE,NaN
"CANETA ESFEROGRAFICA PRETA 0,4MM PONTA ULTRAFINA FINE PEN FABER-CASTELL",papelaria
SUPER COLA TEK BOND 5GR,papelaria
CADERNO UNIVERSITARIO CAPA DURA TILIBRA ZIP 96 FOLHAS,papelaria
CADERNO UNIVERSITARIO ESPIRAL JANDAIA DISNEY SWEETIE 1 MATERIA 96 FOLHAS,papelaria
"PINCEL MARCADOR CD E DVD PERMANENTE VERMELHO 1,0MM PILOT 1 UNIDADE",papelaria
BLOCO NOTAS 3M POST-IT AMARELO 45 FOLHAS,papelaria
"AGENDA PLANNER ESPIRAL SEMANAL HAPPY AZUL 17,7X24CM TILIBRA",papelaria
CANETA MARCA TEXTO LUMINI INK CIS 6 CORES,papelaria
SACO PARA PRESENTE CORES SORTIDAS DAISO 29X45X10CM UNIDADE,papelaria
PAPEL SULFITE CHAMEX A4 75G COR BRANCA PACOTE 300 FOLHAS,NaN
SUPER COLA TEK BOND 5GR,papelaria
CADERNO CAPA DURA BROCHURA 1/4 LITTLE TILIBRA 80 FOLHAS,papelaria
PAPEL PRESENTE PERSONAGENS TILIBRA 70X100 CM 1UN,papelaria
SACO PARA PRESENTE CASUAL COR SORTIDA CROMUS 25X37CM,papelaria
CANETA ESFEROGRAFICA CRISTAL COR PRETA BIC 50UN,NaN
CADERNO TILIBRA CAPA DURA COLEGIAL WEST VIL 1M 80F,papelaria
"CORRETIVO EM FITA MICRO TAPE TWIST CORES SORTIDAS 4,2MM X 8M 1 UN",papelaria
CANETAS FINE PEN TONS PASTEIS FABER CASTELL 4 UNIDADE,papelaria
"CARTUCHO DE TINTA ORIGINAL 664XL COR PRETA F6V31AB HP 8,5ML",papelaria
SACOLA PAPEL KRAFT PARDO GG 39X32X16CM CROMUS UNIDADE,papelaria
PINCEL MARCA TEXTO LUMI COLOR SOFT TOM PASTEL AMARELO PILOT UN,papelaria
CANETA HIDROGRAFICA FINE PEN AZUL 1UN,papelaria
PAPEL SULFITE CHAMEX A4 75G COR BRANCA PACOTE 300 FOLHAS,papelaria
CESTO ORGANIZADOR BRANCO CASALAB,NaN
PASTA PLASCONY ABA ELASTICO TRANSPARENTE A02B 314,papelaria
ESTOJO ESCOLAR REF.02,papelaria
CANETA MARCA TEXTO ROSA LUMI COLOR TONS PASTEL 024RO PILOT BLISTER,NaN
CARTUCHO DE TINTA HP 662 PRETO - CZ103AB,papelaria
PINCEL ESCOLAR REDONDO PIRCTORE TIGRE N08 266-08,papelaria
CADERNO TILIBRA BROCHE 80 FOLHAS,papelaria
LAPIS GRAFITE COM BORRACHA AVENGERS MOLIN 4UN,papelaria
"CARTUCHO DE TINTA ORIGINAL 664XL COR PRETA F6V31AB HP 8,5ML",papelaria
LAPIS GRAFITE EVOLUTION BIC 10UN,papelaria
REFIL QUADRICULADO PARA CADERNO LINHA BRANCA GRANDE CADERNO INTELIGENTE 50FLS,papelaria
"LAPISEIRA P365 BRANCA 0,5MM PENTEL 1UN",NaN
CANETA HIDROGRAFICA FABER CASTELL 12UN,papelaria
SUPER COLA TEK BOND 5GR,papelaria
CHINELO HAVAIANAS COLOR MIX AREIA E DOURADO N35/36,calcado
CHINELO HAVAIANAS TOP ADULTO PRETO N39/40,calcado
CHINELO HAVAIANAS TOP BRANCO UNIDADE 37/38,calcado
CHINELO IPANEMA OASIS ROSA E PRETO NO 37/38,calcado
CHINELO HAVAIANAS SLIM ORGANIC BALLETS BLUSH ROSA NO37/38,calcado
CHINELO HAVAIANAS TOP BRANCO N41/42,calcado
CHINELO HAVAIANAS SIMPSONS AZUL WATER NO37/38,calcado
CHINELO HAVAIANAS SLIM NAUTICAL ROSE GOLD/MARINHO N37/38,calcado
CHINELO HAVAIANAS BRASIL MARINHO NO 41/42,calcado
CHINELO HAVAIANAS TOP PRETO N37/38,calcado
CHINELO IPANEMA CLASSICO MASCULINO PRETO N41/42,calcado
CHINELO IPANEMA CLASSICO MASCULINO PRETO N41/42,calcado
CHINELO HAVAIANAS FLAT AZUL NAUTICO N35/36,NaN
CHINELO HAVAIANAS TOP DISNEY MICKEY CRUSH N37/38,calcado
CHINELO IPANEMA FEMININA CLASSICA ROSA NO 33/34,calcado
CHIN IPANEMA CLASSICA PAR MASCULINO,calcado
CHINELO HAVAIANAS PRETO N39/40,calcado
CHINELO IPANEMA OASIS ROSA E PRETO NO39/40,calcado
CHINELO IPANEMA CLASSICA FEMININA ADULTA PRETA N39/40,NaN
CHINELO IPANEMA FEMININA CLASSICA TAN PRETO E FUME NO 35,NaN
CHINELO HAVAIANAS TOP BRANCO UNIDADE 37/38,calcado
CHINELO HAVAIANAS TOP AZUL NAVAL ADULTO UNIDADE 39/40,calcado
CHINELO HAVAIANAS TOP BRANCO ADULTO N45/46,calcado
CHINELO CARTAGO MASCULINO ATLANTA MARROM NO39/40,calcado
CHINELO HAVAIANAS KIDS MAX HEROIS MARINHO NO25/26,calcado
CHINELO IPANEMA CLASSICA ROXO ROXO COD21430,calcado
CHINELO HAVAIANAS TOP ADULTO PRETO N39/40,calcado
CHINELO IPANEMA CLASSICO MASCULINO PRETO N41/42,calcado
CHINELO IPANEMA CLASSICA FEMININA TURQUESA N37/38,calcado
CHINELO HAVAIANAS TOP AZUL NAVAL ADULTO 41/42,calcado
CHINELO HAVAIANAS TOP BRANCO UNIDADE 37/38,calcado
CHINELO HAVAIANAS SLIM AREIA DOURADA NO37/38,calcado
CHIN IPANEMA ANATOMICA MASC SUR PAR,calcado
CHINELO HAVAIANAS SLIM HEROINAS PRETO N35/36,calcado
CHINELO HAVAIANAS TOP PRETO N33/34,calcado
CHINELO HAVAIANAS SLIM BRANCO NO35/36,calcado
CHINELO HAVAIANAS TOP AZUL NAVAL ADULTO UNIDADE 39/40,calcado
CHINELO HAVAIANAS SLIM NAUTICAL ROSE GOLD/MARINHO N37/38,calcado
CHINELO HAVAIANAS TOP BRANCO ADULTO N39/40,calcado
CHINELO RIDER STREET PRETO NO 41/42,calcado
CHINELO IPANEMA CLASSICO MASCULINO BRANCO,calcado
CHINELO RIDER STREET PRETO E VERMELHO NO 41/42,calcado
CHINELO HAVAIANAS TOP BRANCO UNIDADE 37/38,calcado
CHINELO HAVAIANAS TOP AZUL NAVAL ADULTO 41/42,calcado
CHINELO HAVAIANAS TOP ROSA BALLET N35/36,calcado
CHINELO IPANEMA CLASSICO MASCULINO PRETO N41/42,calcado
CHINELO HAVAIANAS SLIM GLOSS ROSA CROCUS NO37/38,calcado
CHINELO HAVAIANAS TOP PRETO NO41/42,calcado
CHINELO HAVAIANAS SLIM LOGO POP-UP PINK ELETRIC N33/34,calcado
CHINELO HAVAIANAS FEMININO SLIM NAUTICAL MARINHO ROSE GOLD NO35/36,calcado
CHINELO HAVAIANAS BRASIL LOGO AZUL NAVAL N39/40,calcado
CHINELO IPANEMA CLASSICO MASCULINO PRETO N41/42,NaN
CHINELO HAVAIANAS ALOHA BRANCO E AZUL INDIGO 37/38,calcado
CHINELO CARTAGO MASCULINO ATLANTA MARROM NO39/40,calcado
CHINELO HAVAIANAS FLAT DUO IRIDESCENT COR BEGE PALHA N33/34,calcado
CHINELO HAVAIANAS TOP BRANCO UNIDADE 37/38,calcado
CHINELO HAVAIANAS TOP COOL BRANCO/VERDE NO37/38,NaN
CHINELO HAVAIANAS TOP BRANCO N41/42,calcado
CHINELO HAVAIANAS TOP BRANCO ADULTO N39/40,calcado
CHINELO HAVAIANAS TREND AMARELO CITRICO E PRETO N41/42,calcado
CHINELO HAVAIANAS TOP BRANCO ADULTO N39/40,calcado
CHINELO HAVAIANAS TOP BRANCO N41/42,calcado
CHINELO HAVAIANAS TOP AZUL NAVAL ADULTO 41/42,calcado
CHINELO HAVAIANAS TOP PRETO NO41/42,calcado
CHINELO HAVAIANAS BRASIL PRETA N45/46,calcado
CHINELO HAVAIANAS TOP BRANCO ADULTO UNIDADE 35/36,NaN
CHINELO HAVAIANAS COLOR MIX AREIA E DOURADO N37/38,NaN
CHINELO IPANEMA CLASSICA FEMININA ADULTA PRETA N39/40,calcado
CHINELO HAVAIANAS MASCULINO TOP ATHLETIC CINZA GELO NO39/40,calcado
CHINELO HAVAIANAS TOP ADULTO PRETO N39/40,calcado
CHINELO HAVAIANAS ALOHA MUSGO NO37/38,calcado
CHINELO HAVAIANAS BRASIL PRETA N47/48,calcado
CHINELO IPANEMA FEMININO CLASSICA TAN BEGE E OURO NO 37/38,calcado
CHINELO HAVAIANAS TOP DISNEY AZUL N35/36,calcado
CHINELO HAVAIANAS TOP PRETO NO41/42,calcado
CHINELO HAVAIANAS PRETO N39/40,calcado
CHINELO CARTAGO DAKAR 37/38,calcado
CHINELO IPANEMA MASCULINO CLASSICO GRAFITE E VERMELHO NO37/38,NaN
CHINELO HAVAIANAS KIDS FLORES ROSA MACARRON NO29/30,calcado
CHINELO HAVAIANAS TOP ADULTO PRETO N39/40,calcado
CHINELO HAVAIANAS TOP PRETO N37/38,calcado
CHINELO HAVAIANAS TOP BRANCO N41/42,NaN
CHINELO HAVAIANAS ALOHA BRANCO/AZUL/ INDIGO NO41/42,calcado
CHINELO HAVAIANAS SLIM DISNEY AZUL N39/40,calcado
CHINELO HAVAIANAS TOP PRETO N33/34,calcado
CHINELO HAVAIANAS TOP DISNEY AZUL N39/40,calcado
CHINELO HAVAIANAS SLIM HEROINAS PRETO N39/40,calcado
CHINELO HAVAIANAS TOP COOL BRANCO/VERDE NO37/38,calcado
CHINELO HAVAIANAS BRASIL PRETA N41/42,calcado
CHINELO HAVAIANAS SLIM BRANCO NO35/36,calcado
CHINELO HAVAIANAS TOP ROSA BALLET N37/38,calcado
CHINELO IPANEMA CLASSICA FEMININA ADULTA PRETA N39/40,calcado
CHINELO HAVAIANAS TOP PRETO N37/38,calcado
CHINELO HAVAIANAS TOP PRETO NO41/42,NaN
CHINELO HAVAIANAS TOP BRANCA N33/34,calcado
CHINELO HAVAIANAS TOP PRETO N37/38,calcado
CHINELO HAVAIANAS TOP PRETO N37/38,NaN
CHINELO IPANEMA CLASSICA FEMININA TURQUESA N37/38,calcado
CHINELO HAVAIANAS ALOHA MUSGO NO39/40,NaN
CHINELO IPANEMA MASCULINO CLASSICO GRAFITE E VERMELHO NO37/38,calcado
CHINELO HAVAIANAS TOP BRANCO ADULTO UNIDADE 35/36,calcado
CHINELO HAVAIANAS TOP PRETO NO41/42,calcado
CHINELO HAVAIANAS TOP PRETO NO41/42,calcado
CHINELO IPANEMA CLASSICA PRETO N37/38,calcado
CHINELO HAVAIANAS TOP DISNEY MINNIE VERMELHO CRUSH NO39/40,calcado
CHINELO HAVAIANAS TOP PRETO ADULTO N 35/36,calcado
CHINELO HAVAIANAS TOP ADULTO PRETO N39/40,calcado
CHINELO HAVAIANAS SLIM LOGO POP UP ROXO E ROSA N39/40,calcado
CHINELO HAVAIANAS TOP PRETO NO41/42,calcado
CHINELO IPANEMA CLASSICA FEMININA ADULTA PRETA N39/40,calcado
CHINELO HAVAIANAS TOP AZUL NAVAL ADULTO UNIDADE 37/38,calcado
CHINELO HAVAIANAS TOP BRANCO ADULTO N39/40,calcado
CHINELO HAVAIANAS SLIM HEROINAS PRETO N37/38,calcado
CHINELO HAVAIANAS TOP ADULTO PRETO N39/40,calcado
CHINELO HAVAIANAS TOP BRANCO N41/42,calcado
CHINELO HAVAIANAS TOP BRANCO UNIDADE 37/38,NaN
CHINELO HAVAIANAS TOP BRANCO ADULTO UNIDADE 35/36,calcado
CHIN IPANEMA CLASSICA PAR MASCULINO,calcado
CHINELO HAVAIANAS TOP BRANCA N33/34,calcado
CHINELO IPANEMA FEMININA CLASSICA VERDE E VERDE URBAN N 39/40,calcado
CHINELO HAVAIANAS VERDE FOLHA TOP UNISSEX N39/40,calcado
CHINELO IPANEMA FEMININO ELO PRINT VERDE/ROSA NO33/34,calcado
CHINELO HAVAIANAS ALOHA GRAFITE/CINZA CHUMBO NO41/42,calcado
CHINELO HAVAIANAS SLIM AREIA DOURADA NO37/38,calcado
CHINELO HAVAIANAS TOP BRANCO N41/42,calcado
CHINELO HAVAIANAS BRASIL PRETA N41/42,calcado
CHINELO HAVAIANAS TOP BRANCO UNIDADE 37/38,calcado
CHINELO HAVAIANAS SLIM AREIA DOURADA NO37/38,calcado
CHINELO HAVAIANAS TOP BRANCO UNIDADE 37/38,calcado
CHINELO HAVAIANAS BRASIL AZUL NAVAL N41/42,calcado
CHINELO IPANEMA CLASSICA FEMININA ROXO NO 37/38,calcado
CHINELO HAVAIANAS TOP AZUL NAVAL ADULTO UNIDADE 37/38,NaN
CHINELO HAVAIANA COLOR MIX CINZA GELO PRATA N33/34,calcado
CHINELO HAVAIANAS TOP AZUL NAVAL ADULTO 41/42,calcado
CHINELO IPANEMA MASCULINO CLASSICO GRAFITE E VERMELHO NO37/38,calcado
CHINELO HAVAIANAS TOP BRANCA N33/34,calcado
CHINELO HAVAIANAS TOP DISNEY AZUL N37/38,calcado
CHINELO HAVAIANAS TOP PRETO NO41/42,calcado
CHINELO HAVAIANAS ALOHA GRAFITE/CINZA CHUMBO NO37/38,calcado
CHINELO IPANEMA CLASSICO PRETO NO41/42,calcado
CHINELO HAVAIANAS TOP BRANCO UNIDADE 37/38,calcado
CHINELO HAVAIANAS TOP BRANCO ADULTO N39/40,calcado
BUQUE GIRASSOL E ROSAS,NaN
VASO DE FLOR BROMELIA PT14 VIVARIUM,flores
FLOR DE GIRASSOL P15 BRIGHT 1UN,flores
LINDA ORQUIDEA PHALAENOPSIS BRANCA,flores
BOTAO DE ROSA VERMELHA SIMPLES,flores
FLOR SUCULENTA P11 HOLAMBELO,flores
LINDO VASO DE GIRASSOIS,flores
ESPECIAL BUQUE DE GIRASSOL COM ROSAS,flores
MINI BUQUE PLANO PERFEITO,flores
CX ANGEL ROSE 200G,NaN
LINDO BUQUE DE FLORES SECA AZUL TIFFANY,flores
FLOR ALSTROEMERIA BICOLOR MACO,flores
DOCES FLORES DO CAMPO,flores
BUQUE DE FLORES SECAS VERMELHO,flores
FLOR ORQUIDEA PHALAENOPSIS P12 1UN,flores
CARTAO FLOR PINK 10X10CM - CARTAO PARA PRESENTE,NaN
ESPECIAL ARRANJO FLORES E VIDA AMARELO,flores
TULIPA EM LINDO VASO DE VIDRO,flores
FLOR KALANCHOE DOBRADO P11,flores
FLOR ORQUIDEA PHALAENOPSIS HASTE P12 GARDEN FLOWER,flores
MACO DE ROSA ROSA AMOROSA UN,flores
CLASSICO: BUQUE DE ROSAS VERMELHAS,flores
BUQUE COM 12 ROSAS PINK OU VARIADAS NO VASO DE VIDRO,flores
PRESENTE ORQUIDEA & CACHEPO ROSA,flores
CAIXA 4 BEM CASADOS - FLORES DE TECIDO,flores
FLOR KALANCHOE MINI P06 1 UN,NaN
MACO DE ROSAS ROSA VANIA,flores
FLOR ORQUIDEA PHALEANOPSIS CORACAO P12,flores
"KIT TRIO DE FLORES - ROSAS, ASTROMELIAS E FLORES DO CAMPOS - ARRANJO - FLOR FLOR",flores
ARRANJO FLORES EM VIDA AMARELO,flores
MACO FLORES GIRASSOL,flores
ORQUIDEA DENDROBIUM EM LINDO VASO DE VIDRO,flores
FLOR KALANCHOE MINI P06 1 UN,flores
BUQUE ASTROMELIA ROSA FERRERO E URSO,NaN
VASO SUCULENTA MINI VARIADA PT 11,flores
BUQUE FLORES CAMPO + FERRERO ROCHER,flores
MINI ASTROMELIAS NO VASO,flores
MINI ROSA ENCANTADA AZUL,flores
BUQUE FLORES PRIMAVERA SORTIDO UN,flores
ESPECIAL LUXUOSO MIX DE FLORES SILVESTRES,flores
CX ROSA SURPRESA COD:2620,flores
FLOR LIRIO SPATHIPHYLLUM MINI P11,flores
FLOR AZALEIA PT 09,NaN
FLOR ORQUIDEA PHALAENOPSIS HASTE P12 GARDEN FLOWER,flores
PLANTA MINI SUCULENTA PT11,flores
MACO DE ROSA VERMELHA IPANEMA UN,flores
BOMBONS SONHO DE VALSA E MIX DE FLORES SILVESTRES,NaN
VASO DE PLANTA NATURAL TOSTAO NO POTE11 HOLAMBELO,flores
FLOR KALANCHOE MINI P06 1 UN,flores
BUQUE MIMO ROSA E CAIXINHA PARABENS,flores
MINI ARRANJO GIRASSOL + CORACAO COM BOMBONS,flores
MACO DE ROSA VERMELHA LUNNA ROSSA UN,flores
MINI ORQUIDEA MIMO LILAS,flores
MINI GIRASSOL NO CESTINHO,flores
LINDA ORQUIDEA DUPLA,flores
MACO FLORES GIRASSOL,NaN
PLANTA MINI SUCULENTA PT11,flores
FLOR BEGONIA UNIDADE P15,NaN
MACO ROSA VARIADA COOPERFLORA,flores
MACO DE ROSA VERMELHA IPANEMA UN,flores
KIT BEM CASADO + FLOR DA FORTUNA,flores
FLOR ALSTROEMERIA BRANCA MACO,flores
LOR TULIPA P12 ESPECIAL,flores
FLOR ALSTROEMERIA ROSA MACO,flores
VASO DE FLORES SECAS VERMELHAS,flores
FLOR VIVA ORQUIDEA DENDROBIUM,flores
FERRERO & BUQUE DE ROSAS SPRAY AMARELA,flores
FLOR LIRIO SPATHIPHYLLUM MINI P11,flores
FLOR GIRASSOL MINI P15,flores
BOTAO DE ROSA ARTIFICIAL,flores
FLOR BEGONIA UNIDADE P15,flores
KIT LACREME C/ BOTAO DE ROSA  (COD 110) CADA,flores
FLOR GIRASSOL MINI P15,flores
BUQUE DE FLORES DO CAMPO GRANDE,NaN
MACO DE ROSAS ROSA VANIA,flores
FLOR DE GIRASSOL P15 BRIGHT 1UN,flores
LOR TULIPA P12 ESPECIAL,NaN
FLOR SUCULENTA P11 HOLAMBELO,NaN
FLOR KALANCHOE DOBRADO P11,flores
FLOR BOUQUET 4 ESTACOES,flores
FLOR TULIPA VARIADA VERMELHA P12,flores
ESSENCIA INTEIRA FLOR DE CEREJEIRA PLURI 10ML,flores
FLOR BEGONIA UNIDADE P15,NaN
MACO ROSA VARIADA COOPERFLORA,flores
BROMELIA AECHMEA FASCIATA ROSA ROLF ZORNIG PT17 1UN,NaN
MACO DE ROSA VERMELHA LUNNA ROSSA UN,flores
DELICADO MIX DE FLORES SILVESTRES,flores
VASO DE FLOR BROMELIA PT14 VIVARIUM,flores
MACO DE ROSA VERMELHA LUNNA ROSSA UN,flores
ARRANJO DE FLORES BRANCAS,flores
BUQUE DE ROSAS VERMELHAS | BUQUE DE FLORES C/ 15 BOTOES DE ROSAS | FLORES FLORES,flores
ROSA ENCANTADA COR DE ROSA E VOCE QUE REALMENTE FAZ TUDO ACONTECER,flores
FLOR ALSTROEMERIA ROSA MACO,flores
FLOR DE GIRASSOL P15 BRIGHT 1UN,flores
BUQUE GRANDE FLORES DO CAMPO,flores
MINI VASO DE MARGARIDINHAS AMARELAS,flores
FLOR LIRIO SPATHIPHYLLUM MINI P11,flores
FLOR DE GIRASSOL P15 BRIGHT 1UN,flores
FLOR DE GIRASSOL P15 BRIGHT 1UN,flores
ESPECIAL BUQUE DE 3 ROSAS BRANCAS,flores
MACO FLORES GIRASSOL,flores
MACO DE ROSA VERMELHA LUNNA ROSSA UN,flores
TRIO DE ROSAS VERMELHAS - MINI BUQUE DE ROSAS FLORES FLORES FLORES,flores
FLOR BEGONIA UNIDADE P15,flores
FLOR BEGONIA UNIDADE P15,NaN
A BELA ROSA ENCANTADA VERMELHA,flores
ARRANJO DE GIRASSOL - UM MIMO ESPECIAL,flores
FLOR ORQUIDEA PHALAENOPSIS HASTE P12 GARDEN FLOWER,flores
SURPRESA DE GIRASSOIS NO VASO,flores
VASO TULIPA VARIADA PT12,flores
BUQUE DE ROSAS ROSA COM SONHO DE VALSA,flores
FLOR MINI GIRASSOL P11 SUN BRIGHT,flores
FLOR TOSTAO ROSA PT06 UN,flores
MACO DE ROSAS ROSA VANIA,flores
MACO DE ROSA VERMELHA LUNNA ROSSA UN,NaN
FLOR DA FORTUNA KALANCHOE P11 A1,flores
BUQUE MARAVILHA ROSA E VERMELHA,NaN
BUQUE ROSA + KITKAT,flores
BUQUE DE ROSAS VERMELHAS | BUQUE DE FLORES C 9 BOTOES DE ROSAS DIA DOS NAMORADOS,flores
MACO DE ROSA VERMELHA LUNNA ROSSA UN,flores
CAIXA DE BOMBONS E MINI VASO DE MARGARIDAS,flores
VASO DE VIDRO COM FLORES DO CAMPO,flores
FLOR NATURA GIRASSOL MINI,flores
BUQUE 12 ROSAS RED VASO PREMIUM VIDRO,flores
FLOR DE GIRASSOL P15 BRIGHT 1UN,flores
MACO DE ROSA VERMELHA LUNNA ROSSA UN,flores
MACO DE ROSA VERMELHA LUNNA ROSSA UN,flores
PLANTA SUCULENTA P11 1UN,flores
DELICADO MIX DE FLORES SILVESTRES,flores
FLOR BOUQUET 4 ESTACOES,flores
AZALEIA BONSAI LIEBE PT12 COOPERFLORA UN,flores
MACO DE ROSA VERMELHA LUNNA ROSSA UN,flores
FLOR LIRIO VARIADO P15 UNIDADE,flores
FLOR VIVA ORQUIDEA DENDROBIUM,flores
FLOR MINI KALANCHOE DOBRADO P06 UNIDADE,flores
FLOR ALSTROEMERIA BICOLOR MACO,flores
ARRANJO DE GIRASSOL COM PLAQUINHA FLORK E RAFAELLO,flores
CACTO EM VASO LUXO - PRATA - DOURADO - ROSE GOLD,flores
FLOR NATURA GIRASSOL MINI,flores
MACO DE ROSAS ROSA VANIA,flores
BUQUE FLORES PRIMAVERA SORTIDO UN,flores
MACO DE ROSA BICOLOR HIGH MAGIC UN,flores
ESPECIAL BUQUE DE 3 ROSAS VERMELHAS,flores
SURPRESA DE GIRASSOL NO VASO,flores
FLOR DE GIRASSOL P15 BRIGHT 1UN,flores
CONE FLORES DO CAMPO,flores
FLOR ORQUIDEA DENPHALAEN P15 CORES SORTIDAS HOLAMBELO VASO 1UN,flores
FLOR ORQUIDEA PHALAENOPSIS HASTE P12 GARDEN FLOWER,flores
LINDO BUQUE ROSAS VERMELHAS,NaN
LINDA ORQUIDEA LILAS,flores
VASO TULIPA VARIADA PT12,flores
BUQUE FLORES DO CAMPO VASO VIDRO ESPECIAL,flores
MINI ORQUIDEA COR DE ROSA NO VIDRO,NaN
DIANTHUS PINK KISSES TRIANGULO MINEIRO VASO 1UN,NaN
FLOR ROSA MINI BRANCAS VARIADAS VEILING 8UN,flores
FLOR ALSTROEMERIA ROSA MACO,flores
BUQUE ROSA BEBE COM FERRERO,flores
MACO ROSA BICOLOR VARIADO COOPERFLORA UN,flores
ESPECIAL BUQUE DE 6 ROSAS VERMELHAS,flores
MACO DE ROSA VERMELHA LUNNA ROSSA UN,flores
ARRANJO BEGONIA PLANTADO PARA PRESENTE,flores
MINI GIRASSOL PLANTADO,flores
FERRERO & BUQUE DE ROSAS SPRAY COR DE ROSA,flores
FLOR DE GIRASSOL P15 BRIGHT 1UN,NaN
VASO AZALEIA PEPEROMIA,flores
ARRANJO COM GIRASSOL - PRESENTE ESPECIAL,flores
MACO DE ROSA VERMELHA IPANEMA UN,flores
FLOR LIRIO SPATHIPHYLLUM MINI P11,NaN
FLOR KALANCHOE MINI P06 1 UN,NaN
FLOR ORQUIDEA CYMBIDIUM,flores
MINI CONES FLORES NATURAIS,flores
MACO DE ROSA VERMELHA LUNNA ROSSA UN,flores
DIANTHUS PINK KISSES TRIANGULO MINEIRO VASO 1UN,flores
ESSENCIA AROMATICA FLOR DE LOTUS 10ML- VIA AROMA,flores
FLOR KALANCHOE MINI P06 1 UN,flores
CAIXA DE BOMBONS E BUQUE DE 12 ROSAS VERMELHAS,flores
FLOR ORQUIDEA PHALAENOPSIS HASTE P12 GARDEN FLOWER,flores
FLOR ORQUIDEA DENPHALAEN P15 CORES SORTIDAS HOLAMBELO VASO 1UN,flores
FLOR ORQUIDEA PHALAENOPSIS HASTE P12 GARDEN FLOWER,flores
VASO DE PLANTA NATURAL TOSTAO NO POTE11 HOLAMBELO,flores
PLANTA MINI SUCULENTA PT11,flores
VASO GIRASSOL PT 11,NaN
FLOR LIRIO SPATHIPHYLLUM MINI P11,flores
BEGONIA ROSA + FERRERO ROCHER,flores
POSITIVIDADE: BUQUE DE GIRASSOIS,flores
MACO DE ROSA VERMELHA SAMOURAI UN,flores
MACO DE ROSA VERMELHA LUNNA ROSSA UN,flores
MIX DE FLORES NO BOX PARABENS PRA VOCE,flores
ASTROMELIA NATURAL COLORIDAS EM VASO DE VIDRO,flores
CAIXINHA VASO LOWPOLY SUCULENTA ECHIVERIA 4 LINDT E CARTAO,flores
VIOLETA ROSA PARA PRESENTE,flores
FLOR KALANCHOE MINI P06 1 UN,flores
BUQUE DE FLORES DO CAMPO,flores
FLOR MINI GIRASSOL P11 SUN BRIGHT,flores
MACO DE ROSA VERMELHA IPANEMA UN,flores
MINI ORQUIDEA RARA E LINDT,flores
PLANTA MINI SUCULENTA PT11,flores
VASO DE PLANTA NATURAL TOSTAO NO POTE11 HOLAMBELO,flores
ESPECIAL MINI VASO DE MARGARIDINHAS PLANTADAS,NaN
MACO DE ROSA VERMELHA LUNNA ROSSA UN,flores
PLANTA SUCULENTA P11 1UN,flores
ADMIRACAO DE ASTROMELIAS COLORIDAS NO VASO,flores
A BELA ROSA ENCANTADA COR DE ROSA,flores
FLOR LIRIO SPATHIPHYLLUM MINI P11,flores
AZALEIA BONSAI LIEBE PT12 COOPERFLORA UN,flores
VASO DE PLANTA NATURAL TOSTAO NO POTE11 HOLAMBELO,flores
A BELA ROSA ENCANTADA BRANCA,flores
MINI ORQUIDEA UMA HASTE EM LINDO NECESSAIRE,flores
MACO ROSA TINEKE BRANCA UN,flores
ROSEIRA ROSA SONHO,flores
ESPECIAL BUQUE DE 12 ROSAS VERMELHAS E FERRERO,flores
ORQUIDEA PHALAENOPSIS BRANCA OU ROSA COM UMA HASTE NO VIDRO,flores
MINI BEGONIA NO CERCADINHO PELUCIA,flores
BUQUE FLORES PRIMAVERA SORTIDO UN,flores
VASO DE PLANTA NATURAL TOSTAO NO POTE11 HOLAMBELO,flores
MINI BUQUE SONHO,flores
PRESENTE LUXO DOCE ENCANTO - FREIXENET ROSE (OPCAO 2),flores
DUO GIRASSOL E ROSA,flores
KIT ROSA + TABLETE LACREME,NaN
LOR TULIPA P12 ESPECIAL,flores
KIT ROSA LC,flores
MACO DE ROSA VERMELHA SAMOURAI UN,flores
BUQUE 12 ROSAS BRANCAS VASO VIDRO LUXO,flores
FLOR ORQUIDEA CYMBIDIUM,flores
CAIXA 6 BEM CASADOS - FLORES DE TECIDO,flores
FLOR BOUQUET 4 ESTACOES,flores
BOX CORACAO RED VELVET | BOX DE FLORES DIA DOS NAMORADOS  | FLORES CORACAO,flores
MACO DE ROSA BICOLOR HIGH MAGIC UN,flores
FLOR ORQUIDEA CYMBIDIUM,flores
FLOR KALANCHOE DOBRADO P11,flores
ESPECIAL MINI VASO DE MARGARIDINHAS AMARELAS,flores
MACO FLORES GIRASSOL,flores
FLOR DA FORTUNA KALANCHOE P11 A1,flores
FLOR ORQUIDEA PHALEANOPSIS MINI P06,flores
ESPECIAL BUQUE DE ROSAS COLORIDOS,flores
PLANTA SUCULENTA P11 1UN,flores
MINI ORQUIDEA MIMO BRANCA,flores
ORQUIDEA DENDROBIUM NO VASO DE VIDRO,NaN
FLOR GIRASSOL MINI P15,flores
BUQUE FLORES SECAS ROXO COM MILKA,flores
ESPECIAL BUQUE DE 18 ROSAS VERMELHAS,flores
BUQUE DE FLORES RED VELVET | ROSAS E ASTROMELIAS | BUQUE DE FLORES FLORICULTURA,flores
ORQUIDEA PT17 CYMBIDIUM M. ARAKI FLORES 1 UNIDADE,flores
VASO DE FLOR KALANDIVA ROSA,flores
LINDO LIRIO PLANTADO,flores
ESPECIAL BUQUE PARTITURA DE MINI SPRAY VERMELHO,flores
ARRANJO FLORES EM VIDA VERMELHO,flores
FLOR KALANCHOE DOBRADO P11,flores
BOX CORACAO ROSAS VERMELHAS | FLORES ROSAS VERMELHAS -  FLORICULTURA DONA FLOR,flores
TRIO DE ROSAS PINK - MINI BUQUE DE ROSAS,flores
BUQUE GIRASSOL COM ROSAS AMARELAS E FERRERO,flores
MACO ROSA BICOLOR VARIADO COOPERFLORA UN,flores
DIA FELIZ: FLORES ROSA,flores
MIX DE ASTROMELIAS NO VASO COM CHAVEIRINHO,flores
AZALEIA BONSAI LIEBE PT12 COOPERFLORA UN,flores
KIT ROSA COM AMOR,flores
MINI BUQUE AMARELO | BUQUE DE FLORES | BUQUE DE FLORES | BUQUE DE FLORES,flores
FLOR ORQUIDEA PHALAENOPSIS HASTE P12 GARDEN FLOWER,flores
LINDO VASO DE FLORES SILVESTRES,flores
FLOR BEGONIA UNIDADE P15,flores
BROMELIA AECHMEA FASCIATA ROSA ROLF ZORNIG PT17 1UN,flores
MINI GIRASSOL NO CACHEPO,flores
MACO DE ROSA VERMELHA IPANEMA UN,flores
MACO DE ROSA VERMELHA LUNNA ROSSA UN,flores
FLOR BOUQUET 4 ESTACOES,flores
VASO DE PLANTA NATURAL TOSTAO NO POTE11 HOLAMBELO,flores
MINI ROSA ENCANTADA,flores
MINI BUQUE - PRESENTE,flores
FLOR ORQUIDEA PHALAENOPSIS HASTE P12 GARDEN FLOWER,flores
VASO DE PLANTA NATURAL TOSTAO NO POTE11 HOLAMBELO,flores
LINDO KALANCHOE PLANTADO VERMELHO,flores
FLOR KALANCHOE MINI JARDINEIRA 15CM,NaN
ESPECIAL BUQUE DE 24 ROSAS VERMELHAS COM FERRERO,flores
LINDO BUQUE DE ASTROMELIAS COLORIDAS,flores
FLOR MINI KALANCHOE DOBRADO P06 UNIDADE,flores
FLOR GIRASSOL MINI P15,flores
MINI BEGONIA ESPECIAL,flores
MARAVILHOSA ORQUIDEA CASCATA CORES VARIADAS,flores
ESPECIAL BUQUE DE ROSAS AZUIS,flores
FLOR GIRASSOL MINI P15,flores
FLOR KALANCHOE MINI P06 1 UN,flores
FLOR MINI GIRASSOL P11 SUN BRIGHT,flores
BUQUE FLORES PRIMAVERA SORTIDO UN,flores
"BUQUE DE FLORES CAMPO | ROSAS, FLORES DO CAMPO E ASTROMELIAS",flores
TULIPA EM LINDO VASO DE VIDRO,NaN
MACO DE ROSAS ROSA VANIA,flores
ESPECIAL ORQUIDEA PHALAENOPSIS BRANCA,flores
BUQUE GRANDE FLORES DO CAMPO VASO VIDRO PREMIUM,flores
FLOR ROSA DO DESERTO PT 06 WENDEL UN,flores
ESPECIAL DELICADO MIX DE FLORES SILVESTRES,flores
BUQUE ROSA COM FERRERO E URSO,flores
MINI KALANCHOE COR DE ROSA,flores
BUQUE FLORES PRIMAVERA SORTIDO UN,flores
BUQUE FLORES PRIMAVERA SORTIDO UN,flores
FLOR ORQUIDEA PHALAENOPSIS HASTE P12 GARDEN FLOWER,flores
MINI LANCA DE SAO JORGE RETA EM VASO DE VIDRO,flores
FLOR MINI KALANCHOE DOBRADO P06 UNIDADE,NaN
A BELA ROSA PRETA,flores
MINI ORQUIDEA CASINHA,flores
BUQUE 12 ROSAS BICOLOR VASO VIDRO ESPECIAL,NaN
ARRANJO DE FLORES DO CAMPO,flores
BUQUE FLORES DO CAMPO COLORIDO E  FERRERO,flores
BOMBONS SONHO DE VALSA E MIX DE FLORES SILVESTRES,flores
BOX FLORES E FERRERO,flores
MACO DE ROSA VERMELHA SAMOURAI UN,flores
ESPECIAL BUQUE MESCLADO,flores
KIT 7 COISAS E ROSA (01),flores
VASO DE PLANTA NATURAL TOSTAO NO POTE11 HOLAMBELO,flores
SURPRESA DE GIRASSOL NO VASO,flores
BENTO + ARRANJO FLORES SECAS,flores
10 BEM-NASCIDOS COM MINI POMPOM ROSA BEBE,flores
08 - CAIXA BUQUE ROSAS ETERNAS,flores
BUQUE GIRASSOL RUSTICO,flores
ESPECIAL LINDO KALANCHOE PLANTADO AMARELO,flores
KIT ANGEL ROSE NAMORADOS,flores
FLOR ORQUIDEA PHALAENOPSIS P12 1UN,flores
KIT ROSA DOCE GESTO,flores
BUQUE ROSA G,flores
FLOR ARTIFICIAL GRINALDA DE GIRASSOL DAISO,flores
MACO ROSA VARIADA COOPERFLORA,flores
A BELA ROSA ENCANTADA AZUL,flores
AZALEIA BONSAI LIEBE PT12 COOPERFLORA UN,flores
BOMBONS LINDT E ROSA VERMELHA,flores
FLOR BEGONIA UNIDADE P15,flores
FLOR KALANCHOE MINI P06 1 UN,flores
MACO FLORES GIRASSOL,flores
VASO DE PLANTA NATURAL TOSTAO NO POTE11 HOLAMBELO,flores
BUQUE FLORES DO CAMPO EM VASO,flores
FLOR ORQUIDEA DENPHALAEN P15 CORES SORTIDAS HOLAMBELO VASO 1UN,flores
FLOR ORQUIDEA PHALEANOPSIS MINI P06,NaN
LINDO KALANCHOE PLANTADO VERMELHO,flores
MACO ROSA VARIADA COOPERFLORA,flores
LINDO VASO COM MIX DE FLORES,flores
BROMELIA TILLANDSIA ROSA ROLF ZORNIG PT12 1UN,flores
BUQUE DE GIRASSOL RUSTICO,flores
"MINI BUQUE PINK | FLORES ROSAS, FLORES DO CAMPO E ASTROMELIAS  | FLORES ROSAS",flores
ESPECIAL BUQUE DE 3 ROSAS AMARELAS,NaN
MACO ROSA VARIADA COOPERFLORA,flores
FLOR ORQUIDEA PHALAENOPSIS HASTE P12 GARDEN FLOWER,flores
MACO ROSA BICOLOR VARIADO COOPERFLORA UN,flores
BUQUE DE GIRASSOL COM FERRERO ROCHER 150G,flores
LINDO E ESPLENDIDO BUQUE DE 6 ROSAS COLOMBIANAS,flores
ORQUIDEA PT17 CYMBIDIUM M. ARAKI FLORES 1 UNIDADE,flores
BUQUE DE FLORES SECAS P,flores
FLOR ORQUIDEA PHALAENOPSIS HASTE P12 GARDEN FLOWER,flores
FLOR ORQUIDEA PHALAENOPSIS HASTE P12 GARDEN FLOWER,flores
FLOR DA FORTUNA KALANCHOE P11 A1,flores
DELICADO MIX DE FLORES SILVESTRES,flores
JARDINEIRA DE ORQUIDEA PAZ,flores
BUQUE GRANDE DE FLORES DO CAMPO & FERRERO ROCHE 12 UNID,NaN
FLOR BOUQUET 4 ESTACOES,NaN
PLANTA SUCULENTA P11 1UN,flores
VASO KALANCHOE MINI PT 06,flores
MACO DE ROSA VERMELHA LUNNA ROSSA UN,flores
FLOR SUCULENTA P11 HOLAMBELO,flores
MINI ROSA ENCANTADA COR DE ROSA,flores
FLOR BOUQUET 4 ESTACOES,flores
LINDO KALANCHOE PLANTADO VERMELHO,flores
FLOR KALANCHOE DOBRADO P11,flores
FLOR DA FORTUNA KALANCHOE P11 A1,flores
CAIXA: NO MEU JARDIM VOCE E MINHA FLOR PREFERIDA!,flores
BOTAO DE ROSA P/ PRESENTE,NaN
FLOR KALANCHOE MINI P06 1 UN,flores
MACO ROSA TINEKE BRANCA UN,flores
FLOR ORQUIDEA PHALEANOPSIS MULTFLORA MIX P12,flores
ROSAS NO VASO COM PELUCIA,flores
BEGONIA ROSA PLANTADO & FERRERO ROCHER,flores
MARAVILHOSA ORQUIDEA CASCATA COR DE ROSA,flores
FLOR BEGONIA UNIDADE P15,flores
MACO DE ROSA ROSA AMOROSA UN,flores
UMA ROSA COLOMBIANA PARA PRESENTE,flores
FLOR ORQUIDEA PHALAENOPSIS P12 1UN,flores
MACO DE ROSA VERMELHA LUNNA ROSSA UN,flores
ORQUIDEA PHALAENOPSIS BRANCA OU ROSA COM UMA HASTE NO VIDRO,flores
MINI VASO DE MARGARIDINHAS AMARELAS,flores
SENSACIONAL DE ROSA VERMELHA E KIT KAT,flores
BUQUE GRANDE FLORES DO CAMPO,flores
FLOR GIRASSOL MINI P15,NaN
DELICADO MIX DE FLORES SILVESTRES,flores
KIT ANGEL + ROSA - COD. 5425,flores
MACO ROSA BICOLOR VARIADO COOPERFLORA UN,flores
MACO DE ROSA BICOLOR HIGH MAGIC UN,flores
ADMIRACAO DE ASTROMELIAS COLORIDAS NO VASO,flores
MINI VASO DE MARGARIDINHAS PLANTADAS,flores
FLOR GIRASSOL MINI P15,flores
MACO ROSA BICOLOR VARIADO COOPERFLORA UN,NaN
BUQUE FLORES PRIMAVERA SORTIDO UN,flores
PLANTA MINI SUCULENTA PT11,NaN
PLANTA MINI SUCULENTA PT11,flores
FONTE TOMADA USB 5V 2.1A BIVOLT ALTA QUALIDADE,eletro
CARREGADOR DE TOMADA COM 2 PORTAS USB E CABO V8 4.1A - LE-480,eletro
USB CABO IPLONE 7  1M,eletro
CABO UBS IPHONE FLAT LEVE ME UN,eletro
CARREGADOR FONTE TOMADA TURBO IPHONE 11 12 PRO MAX USB-C 20W ADAPTADOR,eletro
CABO USB TURBO 25V IPHONE 7,eletro
CABO USB DE POLICLORETO PARA SMARTPHONE TIPO C MOBILE PHONES 94 DAISO UN,NaN
"CABO LIGHTINING USB FLAT IPHONE 5,6,7,8 E X CORES SORTIDAS LEVE-ME 1UN",eletro
CABO I2GO USB TIPO C,eletro
"CABO LIGHTINING USB FLAT IPHONE 5,6,7,8 E X CORES SORTIDAS LEVE-ME 1UN",NaN
FONE DE OUVIDO BLUETOOTH DE ACRILONITRIL DAISO CORES DIVERSAS 1UN,eletro
CABO USB LIGHTNING PARA IOS IPHONE 2.4A SUMEXR SX-B29-I6,eletro
ADAPTADOR USB COM ENTRADA PARA CARTAO MEMORIA DAISO UN,eletro
TOMADA CARREGADOR 2 ENTRADAS USB I2GO,eletro
"CABO DE FORCA *PS2, RADIO/1.5* - CABO DE FORCA CABO DE FORCA CABO DE FORCA CABO",eletro
POWER BANK CARREGADOR PORTATIL BRANCO 10.000  KAIDI,NaN
"CABO  PARA IPHONE 5 AO 13 DE ALTA QUALIDADE, 1 METRO.",eletro
"CABO LIGHTINING USB FLAT IPHONE 5,6,7,8 E X CORES SORTIDAS LEVE-ME 1UN",eletro
CABO UBS IPHONE FLAT LEVE ME UN,eletro
ADAPTADOR DVI-D/VGA *24+1* - ADAPTADOR ADAPTADOR ADAPTADOR ADAPTADOR ADAPTADOR,eletro
PENDRIVE MULTILASER 16GB TWIST - PD588,eletro
TOMADA CARREGADOR USB,eletro
CABO USB TIPO C YOUNNECT 1M,eletro
"CABO LIGHTINING USB FLAT IPHONE 5,6,7,8 E X CORES SORTIDAS LEVE-ME 1UN",eletro
CABO IPHONE TURBO CARGA RAPIDA KAIDI ORIGINAL,NaN
CARREGADOR CARGA RAPIDA LELONG TIPO-C *PRETO/5.1A*- CARREGADOR CARREGADOR,eletro
CABO USB TYPE-C,eletro
PINO ADAPTADOR UNIVERSAL SEMPRE UTIL C/1 UNIDADE 2P + TERRA,eletro
CABO DURACELL ANDROID V8 *1 METRO* - CABO CABO CABO CABO CABO CABO CABO CABO,eletro
PEN DRIVE TWIST PRETO 8GB MULTILASER UN,eletro
"CABO LIGHTINING USB FLAT IPHONE 5,6,7,8 E X CORES SORTIDAS LEVE-ME 1UN",NaN
ADAPTADOR DE TOMADA 3 ENTRADAS COLORIDO ELG,eletro
"CABO I2GO MICRO USB SAMSUNG, LG, MOTO I2GCL0",eletro
CABO CARREGADOR DE IPHONE 8 PINOS I2GO,NaN
CAIXA DE SOM BLUETOOTH 887 - CAIXA DE SOM CAIXA DE SOM CAIXA DE SOM CAIXA DE SOM,eletro
PEN DRIVE SANDISK ORIGINAL 32GB,eletro
CABO CARREGADOR IPHONE 5 AO 13 2METROS ALTA QUALIDADE.,eletro
FONE DE OUVIDO PERSONALIZADO IPHONE LEVE-ME,eletro
PINO ADAPTADOR 2P+T BIPOLAR 10A 250V BRANCO 1UN,eletro
FONTE CARREGADOR  IPHONE  5 AO 13,eletro
CABO LIGHTNING FLAT IPHONE 1M MOBIBOX,eletro
FONE BLUETOOTH KNUP TWS04 *BRANCO* - FONE BLUETOOTH SEM FIO FONE BLUETOOTH SEM,eletro
CABO DURACELL USB IPHONE *1 METRO*  - CABO CABO CABO CABO CABO CABO CABO CABO,eletro
"CABO I2GO MICRO USB SAMSUNG, LG, MOTO I2GCL0",eletro
BATERIA MAXELL LR44 - BATERIA BATERIA BATERIA BATERIA BATERIA BATERIA BATER,eletro
PEN DRIVE PRETO TITAN MULTILASER 8GB UN,NaN
CABO USB V8 SUMEXR 1M 2.4A ANTI ENRROLAMENTO CARREGAMENTO RAPIDO,NaN
CABO USB CARREGADOR IPHONE GO UP,eletro
CABO USB TIPO C FLAT UNIVERSAL 1M LEVE-ME,eletro
FONE DE OUVIDO COM CABO DE ACRILONITRILA JAPAN DAISO,eletro
ADAPTADOR DE TOMADA INTERNACIONAL - ADAPTADOR DE TOMADA  ADAPTADOR DE TOMADA,eletro
"CABO DE DADOS USB TIPO C 2,4A 1M COR SORTIDA IT BLUE",eletro
CABO DADOS USB TIPO C 2.4A REF CBO-7421 BASIKE 1M,eletro
CABO DE CARREGADOR PARA IPHONE,eletro
FONE DE OUVIDO PERSONALIZADO IPHONE LEVE-ME,eletro
FONE DE OUVIDO PERSONALIZADO IPHONE LEVE-ME,NaN
CARREGADOR PORTATIL POWER BANK 5.000MAH UNIVERSAL ORIGINAL,eletro
CABO USB CARREGADOR IPHONE GO UP,eletro
ADAPTADOR TIPO C,eletro
CABO USB-C LIGHTNING IPHONE 1 LINHA - CABO CABO CABO CABO CABO CABO CABO CABO,eletro
CARREGADOR TURBO IPHONE DUPLO USB BIVOLT,eletro
CABO CARREGADOR TIPO C I2GO,eletro
"CABO LIGHTINING USB FLAT IPHONE 5,6,7,8 E X CORES SORTIDAS LEVE-ME 1UN",eletro
PILHA MOX RECARREGAVEL AA C/4 - PILHA PILHA PILHA PILHA PILHA PILHA PILHA PILHA,eletro
CABO P2/RCA (AUDIO) *1.5M* - CABO P2 CABO P2 CABO P2 CABO P2 CABO P2 CABO P2,eletro
"SMARTOGO CABO USB TIPO C PRETO 1,2M WI365 MULTILASER",eletro
CALCULADORA BENKO CIENTIFICA -  CALCULADORA CALCULADORA CALCULADORA CALCULADORA,NaN
CARREGADOR TURBO SAMSUNG TIPO C - TURBO TIPO C TURBO TIPO C TURBO TIPO C TURBO T,eletro
PEN DRIVE MULTILASER 32 GB - PEN DRIVE PEN DRIVE PEN DRIVE PEN DRIVE PEN DRIVE P,NaN
"CABO LIGHTNING USB PARA IPHONE 5,6,7,8 E SUPERIORES 1 METRO LEVE-ME 1UN",eletro
"CABO LIGHTINING USB FLAT IPHONE 5,6,7,8 E X CORES SORTIDAS LEVE-ME 1UN",eletro
"CABO LIGHTINING USB FLAT IPHONE 5,6,7,8 E X CORES SORTIDAS LEVE-ME 1UN",eletro
PENDRIVE 16G TWISTER MULTILASER,eletro
FONE DE OUVIDO PERSONALIZADO IPHONE LEVE-ME,NaN
CABO KAIDI V8 MICRO USB 1METRO,eletro
CABO V8 MIRCRO USB ANDROID TURBO CARGA RAPIDA KAIDI,eletro
CARREGADOR COM ADAPTADOR DE TOMADA PARA IPHONE ( SELO ANATEL),eletro
CABO DE CARREGAMENTO USB MIRCOUSB 2.4A 100CM DAISO,eletro
FONE KNUP KP-475 - FONE FONE FONE FONE FONE FONE FONE FONE FONE FONE FONE FONE,eletro
CABO USB TIPO C DE FERRO PARA SMARTPHONE,eletro
CABO USB PARA SMARTPHONE NYLON 100CM DAISO UN,eletro
CABO USB TYPE-C,eletro
CABO USB DE POLICLORETO PARA SMARTPHONE TIPO C MOBILE PHONES 94 DAISO UN,eletro
KIT MOUSE GAMER 3200 DPI 6 BOTOES MO273 + MOUSE PAD MULTILASER,eletro
PINO ADAPTADOR 2P+T BIPOLAR 10A 250V BRANCO 1UN,NaN
CABO TIPO C KL-GO *2 METROS* - CABO CABO CABO CABO CABO CABO CABO CABO CABO CABO,eletro
CABO USB IPHONE JSX - CABO CABO CABO CABO CABO CABO CABO CABO CABO CABO CABO,eletro
HEADPHONE BLUETOOTH HARRY POTTER HOGWARTS IMAGINARIUM,eletro
CABO CARREGADOR MICRO USB I2GO,eletro
"CABO CARREGADOR V8, MICRO USB, 2 METROS CARGA RAPIDA",eletro
PILHA BATERIA BOTAO 3V ELGIN,eletro
CABO USB CARREGADOR IPHONE GO UP,eletro
CABO USB CARREGADOR IPHONE GO UP,eletro
"CABO MICRO USB TIPO C 1,2M I2GO",eletro
CABO CARREGADOR DE IPHONE 8 PINOS I2GO,eletro
PILHA BATERIA BOTAO 3V ELGIN,eletro
PEN DRIVE MULTILASER 16 GB - PEN DRIVE PEN DRIVE PEN DRIVE PEN DRIVE PEN DRIVE P,eletro
"CABO DE FORCA *PC, TV/1.5* - CABO DE FORCA CABO DE FORCA CABO DE FORCA CABO",eletro
CABO CARREGADOR DE IPHONE 8 PINOS I2GO,eletro
"CABO LIGHTINING USB FLAT IPHONE 5,6,7,8 E X CORES SORTIDAS LEVE-ME 1UN",eletro
"CABO LIGHTINING USB FLAT IPHONE 5,6,7,8 E X CORES SORTIDAS LEVE-ME 1UN",eletro
CABO USB DE POLICLORETO PARA SMARTPHONE TIPO C MOBILE PHONES 94 DAISO UN,NaN
CARREGADOR CARGA RAPIDA X-CELL V8 *2.8A* - CARREGADOR CARREGADOR CARREGADOR,eletro
CABO LIGHTNING FLAT IPHONE 2M MOBIBOX,eletro
CABO USB TIPO C FLAT UNIVERSAL 1M LEVE-ME,NaN
CABO USB UNIVERSAL LEVE ME 1UN,eletro
CARREDOR PAREDE I2GO USB 2 ENTRADAS,eletro
BATERIA MAXELL CR2032 - BATERIA BATERIA BATERIA BATERIA BATERIA BATERIA BATER,eletro
CABO PARA IPHONE KAIDI,NaN
FILTRO DE LINHA COM 5 TOMADAS 10A 3 PINOS CABO 90 CENTIMETROS PRETO MULTILASER UN,eletro
FONTE DE TOMADA ANDROID E IPHONE USB 2.4A,eletro
CABO CARREGADOR PARA IPHONE,eletro
PINO ADAPTADOR 2P+T BIPOLAR 10A 250V BRANCO 1UN,eletro
PEN DRIVE MULTILASER 4 GB - PEN DRIVE PEN DRIVE PEN DRIVE PEN DRIVE PEN DRIVE PE,eletro
CABO USB PARA IOS KAIDI UN,eletro
CHAVEIRO CABO USB IPHONE COURO DAUF UN,eletro
CABO DE REDE RJ45 *3M* - CABO DE REDE CABO DE REDE CABO DE REDE CABO DE REDE,eletro
FONE DE OUVIDO IPHONE LIGHTNING PH-62 HREBOS,eletro
CABO USB CARGA TIPO C REFOCADO RAPIDO TURBO KAIDI,eletro
FONE DE OUVIDO PERSONALIZADO IPHONE LEVE-ME,eletro
MOUSE MULTILASER SEM FIO *M307/PRETO* - MOUSE MOUSE MOUSE MOUSE MOUSE MOUSE MOUS,eletro
PLUG ADAPTADOR UNIVERSAL 2P+ T 20A KIMARC,eletro
FONE DE OUVIDO PERSONALIZADO IPHONE LEVE-ME,eletro
CABO USB TIPO C ORIGINAL REF H109-3 HMASTON 2M,eletro
CARREGADOR ( CABO) DE CARGA RAPIDA PARA IPHONE DE 3 METROS .,eletro
FONTE TURBO IPHONE MODELO  12/13  ENTRADA TIPO C.,NaN
CABO PARA RECARREGAR CONTROLE DE PS3 *1.8M* - CABO CABO CABO CABO CABO CABO CABO,eletro
PILHA DURACELL AA - PILHA PILHA PILHA PILHA PILHA  PILHA  PILHA  PILHA  PILHA  P,eletro
"CABO I2GO MICRO USB SAMSUNG, LG, MOTO I2GCL0",eletro
CARREGADOR + CABO MICRO USB KT603X KIMASTER,eletro
CARREGADOR IPHONE 7,eletro
FONE DE OUVIDO PERSONALIZADO IPHONE LEVE-ME,eletro
FONE DE OUVIDO HI-FI HD HMASTON P2,eletro
CABO USB TIPO C DE FERRO PARA SMARTPHONE,eletro
CABO CARREGADOR TIPO C ANDROID ALTA QUALIDADE 2 METROS.,eletro
POWER BANK DOTCELL 5.000 MAH - POWER BANK POWER BANK POWER BANK POWER BANK,eletro
CABO USB TIPO C FLAT UNIVERSAL 1M LEVE-ME,eletro
CABO USB TIPO C ORIGINAL REF H109-3 HMASTON 2M,NaN
TOMADA I2GO USB 12GWAL029,eletro
FONE DE OUVIDO PERSONALIZADO IPHONE LEVE-ME,eletro
CABO SMARTOGO TYPEC BRANCO MULTILASER 1 METRO,eletro
"CABO LIGHTINING USB FLAT IPHONE 5,6,7,8 E X CORES SORTIDAS LEVE-ME 1UN",eletro
"CABO USB TIPO C 1,2MTS I2GO UN",eletro
ADAPTADOR DE TOMADA FORCE LINE 3 PINOS PRETO UN,eletro
CABO I2GO IPHONE / IPAD AZUL,eletro
ADAPTADOR PARA IPHONE.,eletro
FONE SAMSUNG *ORIGINAL* AKG TIPO C - FONE FONE FONE FONE FONE FONE FONE FONE,eletro
CABO USB PARA IOS KAIDI UN,eletro
CARREGADOR COM 2 SAIDAS USB + CABO TIPO C SX-F12-C - SUMEXR,eletro
FONE OUVIDO IPHONE EARX,eletro
CABO USB PARA SMARTPHONE NYLON 100CM DAISO UN,eletro
PEN DRIVE 16 GB SANDISK ORIGINAL,eletro
CABO PARA RECARREGAR CONTROLE DE PS4 *1.8M* - CABO CABO CABO CABO CABO CABO CABO,eletro
CABO CARREGADOR DE IPHONE 8 PINOS I2GO,eletro
FONE DE OUVIDO PERSONALIZADO IPHONE LEVE-ME,eletro
CABO I2GO USB - C,eletro
CABO CARREGADOR TIPO C I2GO,eletro
PROTETOR PARA CABO DE IPHONE DAISO UN,eletro
CABO USB PRA IMPRESSORA *1.5M* - CABO CABO CABO CABO CABO CABO CABO CABO CABO,eletro
CARREGADOR COMPLETO DE IPHONE MODELO 5 AO 13 20W TURBO. FONTE + CABO,eletro
CABO USB LIGHTNING IPHONE 1 LINHA- CABO CABO CABO CABO CABO CABO CABO CABO CABO,eletro
CABO USB TIPO C DE FERRO PARA SMARTPHONE,eletro
"I2GO CABO MICRO USB 3M 2,4A PVC FLEXIVEL",eletro
PILHA DURACELL 9V - PILHA PILHA PILHA PILHA PILHA PILHA PILHA PILHA PILHA,eletro
CARREGADOR TURBO TIPO C DUPLO USB BIVOLT,eletro
CABO UBS IPHONE FLAT LEVE ME UN,eletro
CARREGADOR + CABO LIGHTNING P/ IPHONE IPAD IOS,eletro
PILHA DURACELL D - PILHA PILHA PILHA PILHA  PILHA  PILHA  PILHA  PILHA  P,eletro
CABO USB TIPO C FLAT UNIVERSAL 1M LEVE-ME,NaN
FONE KNUP KP-449 - FONE FONE FONE FONE FONE FONE FONE FONE FONE FONE FONE FONE,eletro
FONE DE OUVIDO SEM FIO BLUETOOTH RELOG S BT V5.0 LY 122,eletro
CABO CARREGADOR IPHONE 2 METROS CARGA RAPIDA,eletro
CAIXA DE SOM BLUETOOTH JBL CHARGE 3+ *AZUL BIC/1OLINHA* - CAIXA DE SOM JBL,eletro
FONE DE OUVIDO PERSONALIZADO IPHONE LEVE-ME,eletro
CABO USB TIPO C FLAT UNIVERSAL 1M LEVE-ME,eletro
PEN DRIVE 64GB USB 2.0 TWIST PRETO PD590 MULTILASER,eletro
CABO UBS IPHONE FLAT LEVE ME UN,eletro
CABO USB PARA SMARTPHONE NYLON 100CM DAISO UN,eletro
FONE DE OUVIDO PERSONALIZADO IPHONE LEVE-ME,NaN
"CABO IPHONE BASIC PLUS 1,5M I2GO",eletro
CABO V8 MIRCRO USB ANDROID TURBO CARGA RAPIDA KAIDI ORIGINAL,NaN
CABO UBS IPHONE FLAT LEVE ME UN,eletro
CABO UBS IPHONE FLAT LEVE ME UN,eletro
CABO IPHONE USB PMCELL 1 METRO,eletro
CABO DE CARREGAMENTO USB MIRCOUSB 2.4A 100CM DAISO,eletro
CABO HDMI PHILIPS *1.5M*- CABO HDMI CABO HDMI CABO HDMI CABO HDMI CABO HDMI CABO,eletro
CABO TIPO C INOVA - CABO CABO CABO CABO CABO CABO CABO CABO CABO CABO CABO CABO,eletro
PILHA PANASONIC COMUM C/4 AA - PILHA PILHA PILHA PILHA PILHA PILHA PILHA PILHA,eletro
CARREGADOR COMPLETO TIPO C TURBO 30W. CABO + FONTE.,eletro
CABO CARREGADOR DE IPHONE 8 PINOS I2GO,eletro
CAIXA DE SOM BLUETOOTH Q3  - CAIXA DE SOM CAIXA DE SOM CAIXA DE SOM CAIXA DE SOM,eletro
CABO USB TIPO C DE FERRO PARA SMARTPHONE,eletro
CARREGADOR IPHONE 2USB SUMEXR,eletro
CARREGADOR DE IPHONE ( SEMPRE TESTADO ) .,eletro
PILHA PANACONIC COMUM C/4 AAA - PILHA PILHA PILHA PILHA PILHA PILHA PILHA PILHA,eletro
PEN DRIVE PRETO TITAN MULTILASER 8GB UN,eletro
CABO DE CARREGAMENTO USB MIRCOUSB 2.4A 100CM DAISO,eletro
CALCULADORA CASIO CIENTIFICA ORIGINAL -  CALCULADORA CALCULADORA CALCULADORA,eletro
CABO USB DE POLICLORETO PARA SMARTPHONE TIPO C MOBILE PHONES 94 DAISO UN,eletro
CABO USB TIPO C FAM,eletro
CARREGADOR + CABO LIGHTNING 3.1A KIMASTER 2UN,eletro
ADAPTADOR USB - C PARA CABO USB 20W,eletro
"CABO LIGHTINING USB FLAT IPHONE 5,6,7,8 E X CORES SORTIDAS LEVE-ME 1UN",eletro
CABO USB SUMEXR 2.4 TIPO-C ANDROID 1 METRO,eletro
CABO USB TIPO C FLAT UNIVERSAL 1M LEVE-ME,eletro
CABO HI-TURBO USB IPHONE - CABO CABO CABO CABO CABO CABO CABO CABO CABO CABO,NaN
CARREGADOR ( CABO) DE IPHONE DE 1 METRO,NaN
"CABO LIGHTINING USB FLAT IPHONE 5,6,7,8 E X CORES SORTIDAS LEVE-ME 1UN",eletro
CABO I2GO IPHONE 5 MFI ROSA,eletro
FONE IPHONE LIGHTNING *1 LINHA*  - FONE IPHONE FONE IPHONE FONE IPHONE FONE,eletro
CARREGADOR TURBO PARA IPHONE 2.4 A,eletro
CABO DE DADOS CONECTOR MICRO USB ENTRADA V8 VERMELHO 1M ICONE MOBILE 1UN,eletro
CARREGADOR USB DURACELL *2.1A* - CARRREGADOR CARRREGADOR CARRREGADOR CARRREGADOR,NaN
FONE DE OUVIDO INTRA AURICULAR CABO P2 UNIVERSAL H MASTON UN,eletro
CABO USB TIPO C DE FERRO PARA SMARTPHONE,eletro
CABO UBS IPHONE FLAT LEVE ME UN,eletro
CARREGADOR TURBO IPHONE USB - CARREGADOR IPHONE CARREGADOR IPHONE CARREGADOR I,eletro
  PILHA DUR****** AAA 2  ,eletro
ADAPTADOR BENJAMIN T 10A/20A,eletro
PEN DRIVE TWIST 32GB PRETO MULTILASER,eletro
CABO PARA CARREGAMENTO MICRO USB ANDROID,eletro
CABO UBS IPHONE FLAT LEVE ME UN,eletro
PEN DRIVE MULTILASER 64GB - PEN DRIVE PEN DRIVE PEN DRIVE PEN DRIVE PEN DRIVE PE,eletro
CARREGADOR ( CABO) IPHONE 1 METRO,eletro
CABO CARREGADOR IPHONE TIPO C MODELO 12/13 1 METRO,eletro
"CABO LIGHTINING USB FLAT IPHONE 5,6,7,8 E X CORES SORTIDAS LEVE-ME 1UN",eletro
CABO CARREGADOR IPHONE 5 AO 13 ALTA QUALIDADE 1METRO.,eletro
CARREGADOR TURBO SAMSUNG S10+ TIPO C - TURBO TIPO C TURBO TIPO C TURBO TIPO C,eletro
CABO IPHONE X-CELL,eletro
CAIXA DE SOM BLUETOOTH JBL CHARGE 2+ *1OLINHA/PRETO* - CAIXA DE SOM JBL CAIXA,NaN
CARREGADOR COMPLETO IPHONE APPLE,eletro
CABO USB KAIDI MICRO  ANDROID,eletro
ADAPTADOR APPLE IPHONE LIGHTNING PARA CONECTAR FONES DE OUVIDO,eletro
CABO DE FORCA *NOT. TV/1.5* - CABO DE FORCA CABO DE FORCA CABO DE FORCA CABO,eletro
CABO INOVA USB ANDROID V8 - CABO CABO CABO CABO CABO CABO CABO CABO CABO CABO,eletro
"CABO LIGHTINING USB FLAT IPHONE 5,6,7,8 E X CORES SORTIDAS LEVE-ME 1UN",eletro
CABO USB TIPO C KAIDI,eletro
CARREGADOR TURBO 3A + CABO LIGHTNING ORIGINAL SUMEXR QUICK CHARGE 3.0 PARA APPLE,eletro
PILHA BATERIA BOTAO 3V ELGIN,eletro
CABO UBS IPHONE FLAT LEVE ME UN,eletro
CABO USB-C LIGHTNING IPHONE ORIGINAL - CABO CABO CABO CABO CABO CABO CABO CABO,eletro
FONE IPHONE LIGHTNING *ORIGINAL* IPHONE - FONE IPHONE FONE IPHONE FONE IPHONE,eletro
"CABO LIGHTINING USB FLAT IPHONE 5,6,7,8 E X CORES SORTIDAS LEVE-ME 1UN",eletro
"CABO LIGHTINING USB FLAT IPHONE 5,6,7,8 E X CORES SORTIDAS LEVE-ME 1UN",eletro
CARREGADOR RAPIDO TURBO KAIDI KD-550A QC 3.0 COM CABO IPHONE,eletro
BATERIA KODAK LR41 - BATERIA BATERIA BATERIA BATERIA BATERIA BATERIA BATER,eletro
BATERIA PORTATIL COM CABO DE IPHONE E ANDROID ALTA QUALIDADE.,eletro
CARREGADOR TURBO IPHONE  3.0A SUMEXR - SX-QC5-I6,eletro
PEN DRIVE TWIST 32GB PRETO MULTILASER,eletro
CABO USB HI TURBO PARA IPHONE T-709,eletro
FONTE CARREGADOR TOMADA TIPO C 35W PARA IPHONE X 11 12 13,NaN
ADAPTADOR DE TOMADA 3 PINOS *10A/20A* - ADAPTADOR DE TOMADA ADAPTADOR DE TOMADA,eletro
CABO CARREGADOR MICRO USB I2GO,eletro
CABO CARREGADOR ANDROID 1M,eletro
CARREGADOR PORTATIL POWERBANK BATERIA EXTERNA 10000 MAH,eletro
BAG PORTA FIOS BEATLES LONELY HEARTS IMAGINARIUM,eletro
CARREGADOR TURBO SAMSUNG V8 - TURBO V8 TURBO V8 TURBO V8 TURBO V8 TURBO V8 TURBO,eletro
PILHA PHILIPS ALCALINA AAA - PILHA PILHA PILHA PILHA  PILHA  PILHA  PILHA  PILHA,eletro
CABO USB TIPO C FLAT UNIVERSAL 1M LEVE-ME,eletro
